{
	"groups": [
		{
			"keys": "word_list_png,word_earn_png,word_zn_png,bg_list_w_png,btn_buy_png,btn_left_png,btn_list_png,btn_right_png,btn_rule_png,btn_shop_png,default_ph_png,btn_start_png,pro_double_png,pro_dp_png,pro_sj_png,pro_sm_png,pro_ss_png,shop_png,theme_jznf_png,theme_gold_pig_png,title_list_png,title_mine_png,top_bg_png,bg_home_jpg,bg_list_jpg,bg_mine_jpg",
			"name": "preload"
		},
		{
			"keys": "",
			"name": "laoding"
		},
		{
			"keys": "dj_sh88_png,dj_lightening114_png,dj_sh114_png,dj_ss88_png,dj_ss114_png,dj_time88_png,dj_life114_png,dj_time114_png,dj_lock114_png,gold_num_png,icon_gold52_png,dj_zd114_png,down_play_png,icon_list_inside_png,icon_rule_inside_png,jdt_bg_png,dj_dj114_png,dj_double_png,jdt_png,dj_gold_double_png,dj_gold_yi_png,dj_life88_png,dj_glod_10_png,pig_png",
			"name": "playing"
		}
	],
	"resources": [
		{
			"url": "assets/CheckBox/checkbox_select_disabled.png",
			"type": "image",
			"name": "checkbox_select_disabled_png"
		},
		{
			"url": "assets/CheckBox/checkbox_select_down.png",
			"type": "image",
			"name": "checkbox_select_down_png"
		},
		{
			"url": "assets/CheckBox/checkbox_select_up.png",
			"type": "image",
			"name": "checkbox_select_up_png"
		},
		{
			"url": "assets/CheckBox/checkbox_unselect.png",
			"type": "image",
			"name": "checkbox_unselect_png"
		},
		{
			"url": "assets/ItemRenderer/selected.png",
			"type": "image",
			"name": "selected_png"
		},
		{
			"url": "assets/Panel/border.png",
			"type": "image",
			"name": "border_png"
		},
		{
			"url": "assets/Panel/header.png",
			"type": "image",
			"name": "header_png"
		},
		{
			"url": "assets/RadioButton/radiobutton_select_disabled.png",
			"type": "image",
			"name": "radiobutton_select_disabled_png"
		},
		{
			"url": "assets/RadioButton/radiobutton_select_down.png",
			"type": "image",
			"name": "radiobutton_select_down_png"
		},
		{
			"url": "assets/RadioButton/radiobutton_select_up.png",
			"type": "image",
			"name": "radiobutton_select_up_png"
		},
		{
			"url": "assets/RadioButton/radiobutton_unselect.png",
			"type": "image",
			"name": "radiobutton_unselect_png"
		},
		{
			"url": "assets/ScrollBar/roundthumb.png",
			"type": "image",
			"name": "roundthumb_png"
		},
		{
			"url": "assets/Slider/thumb.png",
			"type": "image",
			"name": "thumb_png"
		},
		{
			"url": "assets/Slider/track.png",
			"type": "image",
			"name": "track_png"
		},
		{
			"url": "assets/Slider/tracklight.png",
			"type": "image",
			"name": "tracklight_png"
		},
		{
			"url": "assets/ToggleSwitch/handle.png",
			"type": "image",
			"name": "handle_png"
		},
		{
			"url": "assets/ToggleSwitch/off.png",
			"type": "image",
			"name": "off_png"
		},
		{
			"url": "assets/ToggleSwitch/on.png",
			"type": "image",
			"name": "on_png"
		},
		{
			"url": "assets/Button/button_down.png",
			"type": "image",
			"name": "button_down_png"
		},
		{
			"url": "assets/Button/button_up.png",
			"type": "image",
			"name": "button_up_png"
		},
		{
			"url": "assets/ProgressBar/thumb_pb.png",
			"type": "image",
			"name": "thumb_pb_png"
		},
		{
			"url": "assets/ProgressBar/track_pb.png",
			"type": "image",
			"name": "track_pb_png"
		},
		{
			"url": "assets/ScrollBar/track_sb.png",
			"type": "image",
			"name": "track_sb_png"
		},
		{
			"url": "assets/bg.jpg",
			"type": "image",
			"name": "bg_jpg"
		},
		{
			"url": "assets/egret_icon.png",
			"type": "image",
			"name": "egret_icon_png"
		},
		{
			"url": "config/description.json",
			"type": "json",
			"name": "description_json"
		},
		{
			"url": "act/home/bg_home.jpg",
			"type": "image",
			"name": "bg_home_jpg"
		},
		{
			"url": "act/home/bg_list.jpg",
			"type": "image",
			"name": "bg_list_jpg"
		},
		{
			"url": "act/home/bg_mine.jpg",
			"type": "image",
			"name": "bg_mine_jpg"
		},
		{
			"url": "act/pig_goods/default_ph.png",
			"type": "image",
			"name": "default_ph_png"
		},
		{
			"url": "act/pig_goods/dj_dj114.png",
			"type": "image",
			"name": "dj_dj114_png"
		},
		{
			"url": "act/pig_goods/dj_double.png",
			"type": "image",
			"name": "dj_double_png"
		},
		{
			"url": "act/pig_goods/dj_glod_10.png",
			"type": "image",
			"name": "dj_glod_10_png"
		},
		{
			"url": "act/pig_goods/dj_gold_double.png",
			"type": "image",
			"name": "dj_gold_double_png"
		},
		{
			"url": "act/pig_goods/dj_gold_yi.png",
			"type": "image",
			"name": "dj_gold_yi_png"
		},
		{
			"url": "act/pig_goods/dj_life88.png",
			"type": "image",
			"name": "dj_life88_png"
		},
		{
			"url": "act/pig_goods/dj_life114.png",
			"type": "image",
			"name": "dj_life114_png"
		},
		{
			"url": "act/pig_goods/dj_lightening114.png",
			"type": "image",
			"name": "dj_lightening114_png"
		},
		{
			"url": "act/pig_goods/dj_lock114.png",
			"type": "image",
			"name": "dj_lock114_png"
		},
		{
			"url": "act/pig_goods/dj_sh88.png",
			"type": "image",
			"name": "dj_sh88_png"
		},
		{
			"url": "act/pig_goods/dj_sh114.png",
			"type": "image",
			"name": "dj_sh114_png"
		},
		{
			"url": "act/pig_goods/dj_ss88.png",
			"type": "image",
			"name": "dj_ss88_png"
		},
		{
			"url": "act/pig_goods/dj_ss114.png",
			"type": "image",
			"name": "dj_ss114_png"
		},
		{
			"url": "act/pig_goods/dj_time88.png",
			"type": "image",
			"name": "dj_time88_png"
		},
		{
			"url": "act/pig_goods/dj_time114.png",
			"type": "image",
			"name": "dj_time114_png"
		},
		{
			"url": "act/pig_goods/dj_zd114.png",
			"type": "image",
			"name": "dj_zd114_png"
		},
		{
			"url": "act/pig_goods/down_play.png",
			"type": "image",
			"name": "down_play_png"
		},
		{
			"url": "act/pig_goods/gold_num.png",
			"type": "image",
			"name": "gold_num_png"
		},
		{
			"url": "act/pig_goods/icon_close.png",
			"type": "image",
			"name": "icon_close_png"
		},
		{
			"url": "act/pig_goods/icon_enter.png",
			"type": "image",
			"name": "icon_enter_png"
		},
		{
			"url": "act/pig_goods/icon_gold52.png",
			"type": "image",
			"name": "icon_gold52_png"
		},
		{
			"url": "act/pig_goods/icon_list_inside.png",
			"type": "image",
			"name": "icon_list_inside_png"
		},
		{
			"url": "act/pig_goods/icon_rule_inside.png",
			"type": "image",
			"name": "icon_rule_inside_png"
		},
		{
			"url": "act/pig_goods/jdt.png",
			"type": "image",
			"name": "jdt_png"
		},
		{
			"url": "act/pig_goods/jdt_bg.png",
			"type": "image",
			"name": "jdt_bg_png"
		},
		{
			"url": "act/pig_goods/NO1.png",
			"type": "image",
			"name": "NO1_png"
		},
		{
			"url": "act/pig_goods/NO2.png",
			"type": "image",
			"name": "NO2_png"
		},
		{
			"url": "act/pig_goods/NO3.png",
			"type": "image",
			"name": "NO3_png"
		},
		{
			"url": "act/pig_goods/pig.png",
			"type": "image",
			"name": "pig_png"
		},
		{
			"url": "act/pig_goods/pro_double.png",
			"type": "image",
			"name": "pro_double_png"
		},
		{
			"url": "act/pig_goods/pro_dp.png",
			"type": "image",
			"name": "pro_dp_png"
		},
		{
			"url": "act/pig_goods/pro_sj.png",
			"type": "image",
			"name": "pro_sj_png"
		},
		{
			"url": "act/pig_goods/pro_sm.png",
			"type": "image",
			"name": "pro_sm_png"
		},
		{
			"url": "act/pig_goods/pro_ss.png",
			"type": "image",
			"name": "pro_ss_png"
		},
		{
			"url": "act/pig_goods/shop.png",
			"type": "image",
			"name": "shop_png"
		},
		{
			"url": "act/pig_goods/theme_gold_pig.png",
			"type": "image",
			"name": "theme_gold_pig_png"
		},
		{
			"url": "act/pig_goods/theme_jznf.png",
			"type": "image",
			"name": "theme_jznf_png"
		},
		{
			"url": "act/pig_goods/title_list.png",
			"type": "image",
			"name": "title_list_png"
		},
		{
			"url": "act/pig_goods/title_mine.png",
			"type": "image",
			"name": "title_mine_png"
		},
		{
			"url": "act/pig_goods/top_bg.png",
			"type": "image",
			"name": "top_bg_png"
		},
		{
			"url": "act/pig_goods/word_earn.png",
			"type": "image",
			"name": "word_earn_png"
		},
		{
			"url": "act/pig_goods/word_list.png",
			"type": "image",
			"name": "word_list_png"
		},
		{
			"url": "act/pig_goods/word_zn.png",
			"type": "image",
			"name": "word_zn_png"
		},
		{
			"url": "act/pig_goods/bg_list_w.png",
			"type": "image",
			"name": "bg_list_w_png"
		},
		{
			"url": "act/pig_goods/btn_buy.png",
			"type": "image",
			"name": "btn_buy_png"
		},
		{
			"url": "act/pig_goods/btn_left.png",
			"type": "image",
			"name": "btn_left_png"
		},
		{
			"url": "act/pig_goods/btn_list.png",
			"type": "image",
			"name": "btn_list_png"
		},
		{
			"url": "act/pig_goods/btn_right.png",
			"type": "image",
			"name": "btn_right_png"
		},
		{
			"url": "act/pig_goods/btn_rule.png",
			"type": "image",
			"name": "btn_rule_png"
		},
		{
			"url": "act/pig_goods/btn_shop.png",
			"type": "image",
			"name": "btn_shop_png"
		},
		{
			"url": "act/pig_goods/btn_start.png",
			"type": "image",
			"name": "btn_start_png"
		}
	]
}